split,feature_0,feature_1,class_0,class_1,class_2,class_3,class_4,class_5,class_6
train,0.7294081449508667,-3.49398136138916,1.0,0.0,0.0,0.0,0.0,0.0,0.0
train,-1.8830667734146118,-3.70050048828125,0.0,1.0,0.0,0.0,0.0,0.0,0.0
train,2.9229753017425537,-3.203967571258545,0.0,0.0,1.0,0.0,0.0,0.0,0.0
train,-2.8775436878204346,-0.040671609342098236,0.0,0.0,0.0,1.0,0.0,0.0,0.0
train,-3.8064258098602295,-6.1899261474609375,0.0,0.0,0.0,0.0,1.0,0.0,0.0
train,-5.959184646606445,-1.7872631549835205,0.0,0.0,0.0,0.0,0.0,1.0,0.0
train,-0.6965214610099792,-9.850301742553711,0.0,0.0,0.0,0.0,0.0,0.0,1.0
train,-0.690283477306366,-3.6552419662475586,1.0,0.0,0.0,0.0,0.0,0.0,0.0
train,-1.4389822483062744,-1.4313286542892456,0.0,1.0,0.0,0.0,0.0,0.0,0.0
train,-3.056978702545166,-3.000131130218506,0.0,0.0,1.0,0.0,0.0,0.0,0.0
train,2.90968918800354,-5.559737205505371,0.0,0.0,0.0,1.0,0.0,0.0,0.0
train,-4.638308048248291,-0.8709489703178406,0.0,0.0,0.0,0.0,1.0,0.0,0.0
train,0.6013771295547485,-8.84285831451416,0.0,0.0,0.0,0.0,0.0,1.0,0.0
train,-3.6455771923065186,-8.890961647033691,0.0,0.0,0.0,0.0,0.0,0.0,1.0
train,-0.5718632340431213,-3.7380712032318115,1.0,0.0,0.0,0.0,0.0,0.0,0.0
train,-1.8964664936065674,-3.6700682640075684,0.0,1.0,0.0,0.0,0.0,0.0,0.0
train,2.8715481758117676,-2.2394492626190186,0.0,0.0,1.0,0.0,0.0,0.0,0.0
train,0.05651143565773964,-6.877675533294678,0.0,0.0,0.0,1.0,0.0,0.0,0.0
train,4.604788303375244,-1.0778989791870117,0.0,0.0,0.0,0.0,1.0,0.0,0.0
train,-0.2985486090183258,-8.874588012695312,0.0,0.0,0.0,0.0,0.0,1.0,0.0
train,-3.3057973384857178,-9.081047058105469,0.0,0.0,0.0,0.0,0.0,0.0,1.0
train,0.8031296133995056,-2.3733675479888916,1.0,0.0,0.0,0.0,0.0,0.0,0.0
train,-1.8705919981002808,-2.031049966812134,0.0,1.0,0.0,0.0,0.0,0.0,0.0
train,-2.712759494781494,-1.4794485569000244,0.0,0.0,1.0,0.0,0.0,0.0,0.0
train,3.8442771434783936,-3.751835346221924,0.0,0.0,0.0,1.0,0.0,0.0,0.0
train,4.8219170570373535,-1.7964723110198975,0.0,0.0,0.0,0.0,1.0,0.0,0.0
train,-5.999419212341309,-2.0330116748809814,0.0,0.0,0.0,0.0,0.0,1.0,0.0
train,6.874556541442871,-3.838573932647705,0.0,0.0,0.0,0.0,0.0,0.0,1.0
train,-1.046143651008606,-3.04170823097229,1.0,0.0,0.0,0.0,0.0,0.0,0.0
train,-1.9067583084106445,-3.6457154750823975,0.0,1.0,0.0,0.0,0.0,0.0,0.0
train,-3.0100464820861816,-3.421341896057129,0.0,0.0,1.0,0.0,0.0,0.0,0.0
train,-4.028242588043213,-2.3809847831726074,0.0,0.0,0.0,1.0,0.0,0.0,0.0
train,-2.839128017425537,1.2767448425292969,0.0,0.0,0.0,0.0,1.0,0.0,0.0
train,4.232150077819824,1.3137943744659424,0.0,0.0,0.0,0.0,0.0,1.0,0.0
train,-6.474179267883301,-0.07743767648935318,0.0,0.0,0.0,0.0,0.0,0.0,1.0
val,0.6684454679489136,-2.1936259269714355,1.0,0.0,0.0,0.0,0.0,0.0,0.0
val,-1.8582936525344849,-2.0052731037139893,0.0,1.0,0.0,0.0,0.0,0.0,0.0
val,1.7979018688201904,-5.2352824211120605,0.0,0.0,1.0,0.0,0.0,0.0,0.0
val,3.3093185424804688,-5.036127090454102,0.0,0.0,0.0,1.0,0.0,0.0,0.0
val,2.9806876182556152,1.0902540683746338,0.0,0.0,0.0,0.0,1.0,0.0,0.0
val,-2.266632556915283,-8.4586181640625,0.0,0.0,0.0,0.0,0.0,1.0,0.0
val,-6.845908164978027,-1.16370689868927,0.0,0.0,0.0,0.0,0.0,0.0,1.0
val,0.9316737055778503,-2.7461206912994385,1.0,0.0,0.0,0.0,0.0,0.0,0.0
val,0.39757829904556274,-4.826446056365967,0.0,1.0,0.0,0.0,0.0,0.0,0.0
val,2.7123005390167236,-4.027230262756348,0.0,0.0,1.0,0.0,0.0,0.0,0.0
val,1.6307116746902466,0.7460389137268066,0.0,0.0,0.0,1.0,0.0,0.0,0.0
val,4.181188583374023,-0.2303338199853897,0.0,0.0,0.0,0.0,1.0,0.0,0.0
val,5.93643045425415,-2.6559934616088867,0.0,0.0,0.0,0.0,0.0,1.0,0.0
val,5.343914031982422,1.5708216428756714,0.0,0.0,0.0,0.0,0.0,0.0,1.0
val,-1.0138887166976929,-3.1776373386383057,1.0,0.0,0.0,0.0,0.0,0.0,0.0
val,-1.8744840621948242,-3.719301700592041,0.0,1.0,0.0,0.0,0.0,0.0,0.0
val,1.4016140699386597,-0.25916361808776855,0.0,0.0,1.0,0.0,0.0,0.0,0.0
val,3.5957186222076416,-4.504172325134277,0.0,0.0,0.0,1.0,0.0,0.0,0.0
val,-3.1241512298583984,-6.829971790313721,0.0,0.0,0.0,0.0,1.0,0.0,0.0
val,-4.4433913230896,-6.975782871246338,0.0,0.0,0.0,0.0,0.0,1.0,0.0
val,6.86514139175415,-1.854379653930664,0.0,0.0,0.0,0.0,0.0,0.0,1.0
val,0.08162052184343338,-1.8893505334854126,1.0,0.0,0.0,0.0,0.0,0.0,0.0
val,1.7130179405212402,-1.9528049230575562,0.0,1.0,0.0,0.0,0.0,0.0,0.0
val,1.7936830520629883,-5.238602161407471,0.0,0.0,1.0,0.0,0.0,0.0,0.0
val,-1.0707058906555176,0.9906936883926392,0.0,0.0,0.0,1.0,0.0,0.0,0.0
val,-3.3502607345581055,0.8849909901618958,0.0,0.0,0.0,0.0,1.0,0.0,0.0
val,-2.8082783222198486,2.4539103507995605,0.0,0.0,0.0,0.0,0.0,1.0,0.0
val,-3.6639139652252197,3.121273994445801,0.0,0.0,0.0,0.0,0.0,0.0,1.0
val,0.3067398965358734,-1.9488000869750977,1.0,0.0,0.0,0.0,0.0,0.0,0.0
val,0.580086350440979,-0.984350860118866,0.0,1.0,0.0,0.0,0.0,0.0,0.0
val,-2.5505707263946533,-1.2077927589416504,0.0,0.0,1.0,0.0,0.0,0.0,0.0
val,-2.391817331314087,0.3702411651611328,0.0,0.0,0.0,1.0,0.0,0.0,0.0
val,-1.63132905960083,1.867124319076538,0.0,0.0,0.0,0.0,1.0,0.0,0.0
val,-0.6569887399673462,3.0908117294311523,0.0,0.0,0.0,0.0,0.0,1.0,0.0
val,1.9641523361206055,3.8217780590057373,0.0,0.0,0.0,0.0,0.0,0.0,1.0
test,0.7445914149284363,-3.473982095718384,1.0,0.0,0.0,0.0,0.0,0.0,0.0
test,-0.09665974229574203,-0.879702627658844,0.0,1.0,0.0,0.0,0.0,0.0,0.0
test,1.326490879058838,-5.540046691894531,0.0,0.0,1.0,0.0,0.0,0.0,0.0
test,2.8881139755249023,-0.17526647448539734,0.0,0.0,0.0,1.0,0.0,0.0,0.0
test,-4.6515045166015625,-0.9013075828552246,0.0,0.0,0.0,0.0,1.0,0.0,0.0
test,-3.4495675563812256,2.071082353591919,0.0,0.0,0.0,0.0,0.0,1.0,0.0
test,1.7321360111236572,-9.64621353149414,0.0,0.0,0.0,0.0,0.0,0.0,1.0
test,0.3185864984989166,-3.8051624298095703,1.0,0.0,0.0,0.0,0.0,0.0,0.0
test,-2.0504307746887207,-2.6900441646575928,0.0,1.0,0.0,0.0,0.0,0.0,0.0
test,-3.051933765411377,-2.66767954826355,0.0,0.0,1.0,0.0,0.0,0.0,0.0
test,-4.003035545349121,-3.548550844192505,0.0,0.0,0.0,1.0,0.0,0.0,0.0
test,-3.5563104152679443,-6.45310640335083,0.0,0.0,0.0,0.0,1.0,0.0,0.0
test,5.071905136108398,0.230241596698761,0.0,0.0,0.0,0.0,0.0,1.0,0.0
test,-7.059373378753662,-2.8564252853393555,0.0,0.0,0.0,0.0,0.0,0.0,1.0
test,-0.25376826524734497,-1.8984249830245972,1.0,0.0,0.0,0.0,0.0,0.0,0.0
test,-1.3921936750411987,-4.3705596923828125,0.0,1.0,0.0,0.0,0.0,0.0,0.0
test,-0.3451472222805023,0.10700573772192001,0.0,0.0,1.0,0.0,0.0,0.0,0.0
test,1.6351605653762817,0.7439615726470947,0.0,0.0,0.0,1.0,0.0,0.0,0.0
test,-5.043473243713379,-3.278257131576538,0.0,0.0,0.0,0.0,1.0,0.0,0.0
test,-2.582395315170288,2.564406633377075,0.0,0.0,0.0,0.0,0.0,1.0,0.0
test,6.229966163635254,0.1937110871076584,0.0,0.0,0.0,0.0,0.0,0.0,1.0
test,0.8870282173156738,-2.5564730167388916,1.0,0.0,0.0,0.0,0.0,0.0,0.0
test,0.0655653327703476,-4.8754472732543945,0.0,1.0,0.0,0.0,0.0,0.0,0.0
test,-0.12882187962532043,-5.878552436828613,0.0,0.0,1.0,0.0,0.0,0.0,0.0
test,-3.8370776176452637,-1.5643527507781982,0.0,0.0,0.0,1.0,0.0,0.0,0.0
test,3.9837839603424072,0.06217051297426224,0.0,0.0,0.0,0.0,1.0,0.0,0.0
test,-3.305088758468628,-7.925698280334473,0.0,0.0,0.0,0.0,0.0,1.0,0.0
test,6.888377666473389,-3.732722282409668,0.0,0.0,0.0,0.0,0.0,0.0,1.0
test,-0.607694685459137,-2.0430634021759033,1.0,0.0,0.0,0.0,0.0,0.0,0.0
test,1.7136869430541992,-1.9540858268737793,0.0,1.0,0.0,0.0,0.0,0.0,0.0
test,0.13450521230697632,-5.873081684112549,0.0,0.0,1.0,0.0,0.0,0.0,0.0
test,3.5956995487213135,-4.504215240478516,0.0,0.0,0.0,1.0,0.0,0.0,0.0
test,-0.1866561472415924,2.1190249919891357,0.0,0.0,0.0,0.0,1.0,0.0,0.0
test,3.5671303272247314,-7.659334659576416,0.0,0.0,0.0,0.0,0.0,1.0,0.0
test,-4.52836799621582,2.5084474086761475,0.0,0.0,0.0,0.0,0.0,0.0,1.0
test,-0.7451868653297424,-2.151543140411377,1.0,0.0,0.0,0.0,0.0,0.0,0.0
test,1.93876314163208,-2.9648020267486572,0.0,1.0,0.0,0.0,0.0,0.0,0.0
test,-0.775567889213562,-5.792621612548828,0.0,0.0,1.0,0.0,0.0,0.0,0.0
test,1.8578952550888062,-6.389902114868164,0.0,0.0,0.0,1.0,0.0,0.0,0.0
test,4.938836574554443,-2.7469711303710938,0.0,0.0,0.0,0.0,1.0,0.0,0.0
test,-5.933750629425049,-4.100883483886719,0.0,0.0,0.0,0.0,0.0,1.0,0.0
test,4.791748523712158,2.1670541763305664,0.0,0.0,0.0,0.0,0.0,0.0,1.0
test,-0.6606817245483398,-3.678400993347168,1.0,0.0,0.0,0.0,0.0,0.0,0.0
test,-0.8520010113716125,-1.0431092977523804,0.0,1.0,0.0,0.0,0.0,0.0,0.0
test,2.7519705295562744,-1.8323907852172852,0.0,0.0,1.0,0.0,0.0,0.0,0.0
test,-3.392618179321289,-0.6680826544761658,0.0,0.0,0.0,1.0,0.0,0.0,0.0
test,0.04225539788603783,-7.878322124481201,0.0,0.0,0.0,0.0,1.0,0.0,0.0
test,-2.9967448711395264,-8.111187934875488,0.0,0.0,0.0,0.0,0.0,1.0,0.0
test,-5.248341083526611,1.819048285484314,0.0,0.0,0.0,0.0,0.0,0.0,1.0
test,0.5995178818702698,-3.631561279296875,1.0,0.0,0.0,0.0,0.0,0.0,0.0
test,0.7984075546264648,-1.0726604461669922,0.0,1.0,0.0,0.0,0.0,0.0,0.0
test,-2.8231775760650635,-4.046228885650635,0.0,0.0,1.0,0.0,0.0,0.0,0.0
test,2.8603856563568115,-5.613361835479736,0.0,0.0,0.0,1.0,0.0,0.0,0.0
test,-2.525336503982544,1.4702661037445068,0.0,0.0,0.0,0.0,1.0,0.0,0.0
test,5.776525497436523,-4.272858619689941,0.0,0.0,0.0,0.0,0.0,1.0,0.0
test,6.23228120803833,-5.94767951965332,0.0,0.0,0.0,0.0,0.0,0.0,1.0
test,0.9225836396217346,-2.690445899963379,1.0,0.0,0.0,0.0,0.0,0.0,0.0
test,1.2603920698165894,-1.3766512870788574,0.0,1.0,0.0,0.0,0.0,0.0,0.0
test,-2.198105573654175,-4.983158111572266,0.0,0.0,1.0,0.0,0.0,0.0,0.0
test,2.279458999633789,-6.124303817749023,0.0,0.0,0.0,1.0,0.0,0.0,0.0
test,-2.3288767337799072,1.5759247541427612,0.0,0.0,0.0,0.0,1.0,0.0,0.0
test,5.698261737823486,-1.1913957595825195,0.0,0.0,0.0,0.0,0.0,1.0,0.0
test,0.0729856938123703,4.119391918182373,0.0,0.0,0.0,0.0,0.0,0.0,1.0
test,-0.7579818367958069,-3.5948963165283203,1.0,0.0,0.0,0.0,0.0,0.0,0.0
test,-1.1086974143981934,-4.581999778747559,0.0,1.0,0.0,0.0,0.0,0.0,0.0
test,2.6581382751464844,-4.150153160095215,0.0,0.0,1.0,0.0,0.0,0.0,0.0
test,2.278578758239746,-6.124938011169434,0.0,0.0,0.0,1.0,0.0,0.0,0.0
test,-1.1371814012527466,2.003103733062744,0.0,0.0,0.0,0.0,1.0,0.0,0.0
test,0.8791338205337524,-8.805495262145996,0.0,0.0,0.0,0.0,0.0,1.0,0.0
test,0.7618482112884521,4.072301387786865,0.0,0.0,0.0,0.0,0.0,0.0,1.0
test,0.4973886013031006,-3.7100026607513428,1.0,0.0,0.0,0.0,0.0,0.0,0.0
test,-1.505591630935669,-1.4978488683700562,0.0,1.0,0.0,0.0,0.0,0.0,0.0
test,-1.433095932006836,-5.546374320983887,0.0,0.0,1.0,0.0,0.0,0.0,0.0
test,-4.0057291984558105,-3.5324788093566895,0.0,0.0,0.0,1.0,0.0,0.0,0.0
test,-3.7081775665283203,-6.297908306121826,0.0,0.0,0.0,0.0,1.0,0.0,0.0
test,4.34083366394043,-6.95830774307251,0.0,0.0,0.0,0.0,0.0,1.0,0.0
test,3.849890947341919,2.927309274673462,0.0,0.0,0.0,0.0,0.0,0.0,1.0
test,-0.5472836494445801,-3.752270460128784,1.0,0.0,0.0,0.0,0.0,0.0,0.0
test,1.6392180919647217,-1.8235810995101929,0.0,1.0,0.0,0.0,0.0,0.0,0.0
test,1.5331108570098877,-5.421771049499512,0.0,0.0,1.0,0.0,0.0,0.0,0.0
test,-0.21820542216300964,1.1174911260604858,0.0,0.0,0.0,1.0,0.0,0.0,0.0
test,-2.8813395500183105,1.2482002973556519,0.0,0.0,0.0,0.0,1.0,0.0,0.0
test,3.5559399127960205,-7.66780424118042,0.0,0.0,0.0,0.0,0.0,1.0,0.0
test,6.458527565002441,-5.432095527648926,0.0,0.0,0.0,0.0,0.0,0.0,1.0
test,-0.13898447155952454,-1.8825267553329468,1.0,0.0,0.0,0.0,0.0,0.0,0.0
test,0.7433444261550903,-4.711181163787842,0.0,1.0,0.0,0.0,0.0,0.0,0.0
test,1.9903981685638428,-0.6888573169708252,0.0,0.0,1.0,0.0,0.0,0.0,0.0
test,3.940338373184204,-2.834547996520996,0.0,0.0,0.0,1.0,0.0,0.0,0.0
test,-1.871531367301941,1.7807106971740723,0.0,0.0,0.0,0.0,1.0,0.0,0.0
test,-2.0084872245788574,-8.553956985473633,0.0,0.0,0.0,0.0,0.0,1.0,0.0
test,6.910581111907959,-3.5268211364746094,0.0,0.0,0.0,0.0,0.0,0.0,1.0
test,0.8193427920341492,-2.4020798206329346,1.0,0.0,0.0,0.0,0.0,0.0,0.0
test,0.90312659740448,-4.63250207901001,0.0,1.0,0.0,0.0,0.0,0.0,0.0
test,2.1469597816467285,-0.846640944480896,0.0,0.0,1.0,0.0,0.0,0.0,0.0
test,-1.528366208076477,0.8411509394645691,0.0,0.0,0.0,1.0,0.0,0.0,0.0
test,-4.666270732879639,-0.9359464049339294,0.0,0.0,0.0,0.0,1.0,0.0,0.0
test,-5.79433012008667,-1.115638017654419,0.0,0.0,0.0,0.0,0.0,1.0,0.0
test,6.781468391418457,-1.3953173160552979,0.0,0.0,0.0,0.0,0.0,0.0,1.0
test,-0.6271823048591614,-2.0561695098876953,1.0,0.0,0.0,0.0,0.0,0.0,0.0
test,1.4233105182647705,-1.537142038345337,0.0,1.0,0.0,0.0,0.0,0.0,0.0
test,-2.95704984664917,-2.1023826599121094,0.0,0.0,1.0,0.0,0.0,0.0,0.0
test,-1.4487706422805786,-6.630312919616699,0.0,0.0,0.0,1.0,0.0,0.0,0.0
test,-2.184054374694824,1.6467783451080322,0.0,0.0,0.0,0.0,1.0,0.0,0.0
test,-1.6972713470458984,2.892768144607544,0.0,0.0,0.0,0.0,0.0,1.0,0.0
test,-2.7178497314453125,-9.354902267456055,0.0,0.0,0.0,0.0,0.0,0.0,1.0
test,0.7231054306030273,-2.256725549697876,1.0,0.0,0.0,0.0,0.0,0.0,0.0
test,-1.8803790807724,-2.0522680282592773,0.0,1.0,0.0,0.0,0.0,0.0,0.0
test,-1.8453502655029297,-0.46887442469596863,0.0,0.0,1.0,0.0,0.0,0.0,0.0
test,2.4509644508361816,0.23480817675590515,0.0,0.0,0.0,1.0,0.0,0.0,0.0
test,2.1811816692352295,1.59051513671875,0.0,0.0,0.0,0.0,1.0,0.0,0.0
test,5.04638147354126,0.2719748318195343,0.0,0.0,0.0,0.0,0.0,1.0,0.0
test,1.5661576986312866,-9.687992095947266,0.0,0.0,0.0,0.0,0.0,0.0,1.0
test,0.9401408433914185,-2.9092986583709717,1.0,0.0,0.0,0.0,0.0,0.0,0.0
test,1.9356238842010498,-3.020198106765747,0.0,1.0,0.0,0.0,0.0,0.0,0.0
test,2.193186044692993,-0.8979907631874084,0.0,0.0,1.0,0.0,0.0,0.0,0.0
test,-4.000180244445801,-2.1935439109802246,0.0,0.0,0.0,1.0,0.0,0.0,0.0
test,-5.023372650146484,-2.2801191806793213,0.0,0.0,0.0,0.0,1.0,0.0,0.0
test,4.393741130828857,1.141768217086792,0.0,0.0,0.0,0.0,0.0,1.0,0.0
test,6.915175914764404,-3.4752931594848633,0.0,0.0,0.0,0.0,0.0,0.0,1.0
test,-0.30657070875167847,-1.9103809595108032,1.0,0.0,0.0,0.0,0.0,0.0,0.0
test,-1.4284652471542358,-4.337330341339111,0.0,1.0,0.0,0.0,0.0,0.0,0.0
test,2.656656265258789,-4.153317928314209,0.0,0.0,1.0,0.0,0.0,0.0,0.0
test,-3.6195485591888428,-1.055782437324524,0.0,0.0,0.0,1.0,0.0,0.0,0.0
test,4.9402337074279785,-2.8197121620178223,0.0,0.0,0.0,0.0,1.0,0.0,0.0
test,3.942532777786255,1.5910412073135376,0.0,0.0,0.0,0.0,0.0,1.0,0.0
test,1.6259859800338745,-9.673429489135742,0.0,0.0,0.0,0.0,0.0,0.0,1.0
test,-1.0328115224838257,-3.1084647178649902,1.0,0.0,0.0,0.0,0.0,0.0,0.0
test,-1.4480485916137695,-1.4400207996368408,0.0,1.0,0.0,0.0,0.0,0.0,0.0
test,2.1046323776245117,-0.8016365170478821,0.0,0.0,1.0,0.0,0.0,0.0,0.0
test,-4.049448013305664,-2.5972182750701904,0.0,0.0,0.0,1.0,0.0,0.0,0.0
test,1.393141269683838,-7.66371488571167,0.0,0.0,0.0,0.0,1.0,0.0,0.0
test,1.5571006536483765,2.8987834453582764,0.0,0.0,0.0,0.0,0.0,1.0,0.0
test,5.204081058502197,1.7353659868240356,0.0,0.0,0.0,0.0,0.0,0.0,1.0
test,-1.0527589321136475,-2.7642059326171875,1.0,0.0,0.0,0.0,0.0,0.0,0.0
test,1.8505349159240723,-3.4727420806884766,0.0,1.0,0.0,0.0,0.0,0.0,0.0
test,2.1771843433380127,-0.8799453377723694,0.0,0.0,1.0,0.0,0.0,0.0,0.0
test,-3.6457207202911377,-1.107807993888855,0.0,0.0,0.0,1.0,0.0,0.0,0.0
test,-5.042766094207764,-3.286992311477661,0.0,0.0,0.0,0.0,1.0,0.0,0.0
test,-2.2621243000030518,2.701688528060913,0.0,0.0,0.0,0.0,0.0,1.0,0.0
test,-6.647505760192871,-5.245155334472656,0.0,0.0,0.0,0.0,0.0,0.0,1.0
test,-0.7444137930870056,-3.607895851135254,1.0,0.0,0.0,0.0,0.0,0.0,0.0
test,-1.7190473079681396,-1.7632882595062256,0.0,1.0,0.0,0.0,0.0,0.0,0.0
test,2.905025005340576,-3.339921474456787,0.0,0.0,1.0,0.0,0.0,0.0,0.0
test,-2.55381178855896,0.24761775135993958,0.0,0.0,0.0,1.0,0.0,0.0,0.0
test,-4.157138824462891,-5.744425296783447,0.0,0.0,0.0,0.0,1.0,0.0,0.0
test,-4.6829352378845215,0.9446499943733215,0.0,0.0,0.0,0.0,0.0,1.0,0.0
test,6.053569793701172,0.5311379432678223,0.0,0.0,0.0,0.0,0.0,0.0,1.0
test,-0.9022612571716309,-3.417503595352173,1.0,0.0,0.0,0.0,0.0,0.0,0.0
test,1.0467264652252197,-1.21308434009552,0.0,1.0,0.0,0.0,0.0,0.0,0.0
test,0.408587783575058,-5.842627048492432,0.0,0.0,1.0,0.0,0.0,0.0,0.0
test,1.8115425109863281,0.6561122536659241,0.0,0.0,0.0,1.0,0.0,0.0,0.0
test,2.0488128662109375,1.6544498205184937,0.0,0.0,0.0,0.0,1.0,0.0,0.0
test,-3.440551280975342,2.077244758605957,0.0,0.0,0.0,0.0,0.0,1.0,0.0
test,-4.913445472717285,2.1642887592315674,0.0,0.0,0.0,0.0,0.0,0.0,1.0
test,0.004743361845612526,-1.8814157247543335,1.0,0.0,0.0,0.0,0.0,0.0,0.0
test,0.37614792585372925,-0.9273596405982971,0.0,1.0,0.0,0.0,0.0,0.0,0.0
test,0.9129422903060913,-0.04130540043115616,0.0,0.0,1.0,0.0,0.0,0.0,0.0
test,2.2676587104797363,0.37406519055366516,0.0,0.0,0.0,1.0,0.0,0.0,0.0
test,4.9384918212890625,-3.024170398712158,0.0,0.0,0.0,0.0,1.0,0.0,0.0
test,3.852355718612671,1.6701589822769165,0.0,0.0,0.0,0.0,0.0,1.0,0.0
test,4.408721923828125,-8.267842292785645,0.0,0.0,0.0,0.0,0.0,0.0,1.0
test,0.8216710090637207,-2.4063916206359863,1.0,0.0,0.0,0.0,0.0,0.0,0.0
test,1.819288730621338,-2.193434238433838,0.0,1.0,0.0,0.0,0.0,0.0,0.0
test,-3.0588159561157227,-2.819622278213501,0.0,0.0,1.0,0.0,0.0,0.0,0.0
test,0.7082101106643677,1.0462981462478638,0.0,0.0,0.0,1.0,0.0,0.0,0.0
test,2.094666004180908,-7.391556262969971,0.0,0.0,0.0,0.0,1.0,0.0,0.0
test,3.7368431091308594,-7.525693893432617,0.0,0.0,0.0,0.0,0.0,1.0,0.0
test,4.025283336639404,-8.564007759094238,0.0,0.0,0.0,0.0,0.0,0.0,1.0
test,0.9361781477928162,-2.9731786251068115,1.0,0.0,0.0,0.0,0.0,0.0,0.0
test,-1.908652424812317,-3.6411333084106445,0.0,1.0,0.0,0.0,0.0,0.0,0.0
test,-0.006595057900995016,0.12017934024333954,0.0,0.0,1.0,0.0,0.0,0.0,0.0
test,3.5641729831695557,-4.573357105255127,0.0,0.0,0.0,1.0,0.0,0.0,0.0
test,-3.3587636947631836,0.8775407075881958,0.0,0.0,0.0,0.0,1.0,0.0,0.0
test,1.986806869506836,2.7609450817108154,0.0,0.0,0.0,0.0,0.0,1.0,0.0
test,6.843976974487305,-4.038336753845215,0.0,0.0,0.0,0.0,0.0,0.0,1.0
test,-0.4105933904647827,-3.8156626224517822,1.0,0.0,0.0,0.0,0.0,0.0,0.0
test,0.35568347573280334,-0.922905683517456,0.0,1.0,0.0,0.0,0.0,0.0,0.0
test,0.7184992432594299,0.018032077699899673,0.0,0.0,1.0,0.0,0.0,0.0,0.0
test,-2.7047653198242188,0.12099409848451614,0.0,0.0,0.0,1.0,0.0,0.0,0.0
test,2.0800294876098633,1.6398030519485474,0.0,0.0,0.0,0.0,1.0,0.0,0.0
test,-4.815176010131836,-6.53759241104126,0.0,0.0,0.0,0.0,0.0,1.0,0.0
test,-2.582578659057617,-9.408798217773438,0.0,0.0,0.0,0.0,0.0,0.0,1.0
test,-0.2401878386735916,-1.89583158493042,1.0,0.0,0.0,0.0,0.0,0.0,0.0
test,-0.4281260669231415,-0.9136372804641724,0.0,1.0,0.0,0.0,0.0,0.0,0.0
test,1.7946044206619263,-5.237878322601318,0.0,0.0,1.0,0.0,0.0,0.0,0.0
test,-2.0670166015625,0.58034348487854,0.0,0.0,0.0,1.0,0.0,0.0,0.0
test,-5.026714324951172,-2.3084840774536133,0.0,0.0,0.0,0.0,1.0,0.0,0.0
test,2.544401168823242,2.526212215423584,0.0,0.0,0.0,0.0,0.0,1.0,0.0
test,6.538790702819824,-0.5418919920921326,0.0,0.0,0.0,0.0,0.0,0.0,1.0
test,0.226839080452919,-1.9212007522583008,1.0,0.0,0.0,0.0,0.0,0.0,0.0
test,-1.011818766593933,-4.638025283813477,0.0,1.0,0.0,0.0,0.0,0.0,0.0
test,1.3126261234283447,-0.21148864924907684,0.0,0.0,1.0,0.0,0.0,0.0,0.0
test,-3.4512674808502197,-4.999569892883301,0.0,0.0,0.0,1.0,0.0,0.0,0.0
test,4.899491310119629,-3.519113540649414,0.0,0.0,0.0,0.0,1.0,0.0,0.0
test,-6.032092571258545,-3.451258659362793,0.0,0.0,0.0,0.0,0.0,1.0,0.0
test,-0.7286752462387085,4.088576793670654,0.0,0.0,0.0,0.0,0.0,0.0,1.0
test,0.9330368638038635,-2.7566866874694824,1.0,0.0,0.0,0.0,0.0,0.0,0.0
test,-1.8935954570770264,-3.6767053604125977,0.0,1.0,0.0,0.0,0.0,0.0,0.0
test,-1.5462665557861328,-0.2737348675727844,0.0,0.0,1.0,0.0,0.0,0.0,0.0
test,3.5149242877960205,-4.674941539764404,0.0,0.0,0.0,1.0,0.0,0.0,0.0
test,-4.647766590118408,-4.866059303283691,0.0,0.0,0.0,0.0,1.0,0.0,0.0
test,-5.324578762054443,-5.756507873535156,0.0,0.0,0.0,0.0,0.0,1.0,0.0
test,-2.766295909881592,3.57608962059021,0.0,0.0,0.0,0.0,0.0,0.0,1.0
test,0.9395495653152466,-2.924942970275879,1.0,0.0,0.0,0.0,0.0,0.0,0.0
test,0.4114871919155121,-0.9355822801589966,0.0,1.0,0.0,0.0,0.0,0.0,0.0
test,-0.5054410696029663,0.0873018354177475,0.0,0.0,1.0,0.0,0.0,0.0,0.0
test,0.1943247765302658,1.1125884056091309,0.0,0.0,0.0,1.0,0.0,0.0,0.0
test,4.442471504211426,-0.7037965655326843,0.0,0.0,0.0,0.0,1.0,0.0,0.0
test,2.8532373905181885,-8.124971389770508,0.0,0.0,0.0,0.0,0.0,1.0,0.0
test,-3.134321689605713,3.4091196060180664,0.0,0.0,0.0,0.0,0.0,0.0,1.0
test,0.003607402788475156,-1.8813433647155762,1.0,0.0,0.0,0.0,0.0,0.0,0.0
test,1.1301261186599731,-1.271561622619629,0.0,1.0,0.0,0.0,0.0,0.0,0.0
test,-2.0642974376678467,-0.6476681232452393,0.0,0.0,1.0,0.0,0.0,0.0,0.0
test,3.4215152263641357,-4.8499274253845215,0.0,0.0,0.0,1.0,0.0,0.0,0.0
test,4.622037887573242,-4.635498046875,0.0,0.0,0.0,0.0,1.0,0.0,0.0
test,4.070473670959473,1.4731210470199585,0.0,0.0,0.0,0.0,0.0,1.0,0.0
test,-5.220982551574707,-7.607799053192139,0.0,0.0,0.0,0.0,0.0,0.0,1.0
test,0.5876312255859375,-2.116901397705078,1.0,0.0,0.0,0.0,0.0,0.0,0.0
test,-1.030326008796692,-4.627876281738281,0.0,1.0,0.0,0.0,0.0,0.0,0.0
test,1.1428507566452026,-5.627912998199463,0.0,0.0,1.0,0.0,0.0,0.0,0.0
test,-3.8604886531829834,-4.125071048736572,0.0,0.0,0.0,1.0,0.0,0.0,0.0
test,-2.7407007217407227,1.3409148454666138,0.0,0.0,0.0,0.0,1.0,0.0,0.0
test,-6.020442008972168,-3.562077283859253,0.0,0.0,0.0,0.0,0.0,1.0,0.0
test,5.9962239265441895,-6.390664577484131,0.0,0.0,0.0,0.0,0.0,0.0,1.0
test,0.25184008479118347,-1.9290279150009155,1.0,0.0,0.0,0.0,0.0,0.0,0.0
test,1.7631727457046509,-3.70287823677063,0.0,1.0,0.0,0.0,0.0,0.0,0.0
test,2.907148599624634,-3.3260390758514404,0.0,0.0,1.0,0.0,0.0,0.0,0.0
test,-3.9904842376708984,-3.618720531463623,0.0,0.0,0.0,1.0,0.0,0.0,0.0
test,-3.8260302543640137,0.40889275074005127,0.0,0.0,0.0,0.0,1.0,0.0,0.0
test,4.218679428100586,1.327536940574646,0.0,0.0,0.0,0.0,0.0,1.0,0.0
test,1.9687923192977905,-9.579086303710938,0.0,0.0,0.0,0.0,0.0,0.0,1.0
test,0.1495068371295929,-1.9014225006103516,1.0,0.0,0.0,0.0,0.0,0.0,0.0
test,1.933323860168457,-3.049675226211548,0.0,1.0,0.0,0.0,0.0,0.0,0.0
test,1.7558308839797974,-5.267848491668701,0.0,0.0,1.0,0.0,0.0,0.0,0.0
test,3.8680014610290527,-2.1207826137542725,0.0,0.0,0.0,1.0,0.0,0.0,0.0
test,-4.611490726470947,-4.9478254318237305,0.0,0.0,0.0,0.0,1.0,0.0,0.0
test,4.877102375030518,0.5310459733009338,0.0,0.0,0.0,0.0,0.0,1.0,0.0
test,6.39121150970459,-5.597714424133301,0.0,0.0,0.0,0.0,0.0,0.0,1.0
test,-0.04732654243707657,-1.879428744316101,1.0,0.0,0.0,0.0,0.0,0.0,0.0
test,-1.2298575639724731,-1.2576115131378174,0.0,1.0,0.0,0.0,0.0,0.0,0.0
test,1.7464746236801147,-5.274930477142334,0.0,0.0,1.0,0.0,0.0,0.0,0.0
test,1.8529736995697021,-6.392585754394531,0.0,0.0,0.0,1.0,0.0,0.0,0.0
test,-4.654829978942871,-0.9090451002120972,0.0,0.0,0.0,0.0,1.0,0.0,0.0
test,3.9787893295288086,1.5583171844482422,0.0,0.0,0.0,0.0,0.0,1.0,0.0
test,-6.635819435119629,-0.48126256465911865,0.0,0.0,0.0,0.0,0.0,0.0,1.0
test,0.19878189265727997,-1.9132622480392456,1.0,0.0,0.0,0.0,0.0,0.0,0.0
test,-1.4851243495941162,-4.281974792480469,0.0,1.0,0.0,0.0,0.0,0.0,0.0
test,2.939743757247925,-2.950570821762085,0.0,0.0,1.0,0.0,0.0,0.0,0.0
test,2.5018198490142822,0.19311855733394623,0.0,0.0,0.0,1.0,0.0,0.0,0.0
test,2.606112480163574,-7.109602451324463,0.0,0.0,0.0,0.0,1.0,0.0,0.0
test,5.2894062995910645,-5.597840309143066,0.0,0.0,0.0,0.0,0.0,1.0,0.0
test,6.284597396850586,0.0792863741517067,0.0,0.0,0.0,0.0,0.0,0.0,1.0
test,-0.9524810314178467,-2.429438591003418,1.0,0.0,0.0,0.0,0.0,0.0,0.0
test,-0.34096357226371765,-0.8992728590965271,0.0,1.0,0.0,0.0,0.0,0.0,0.0
test,2.856973648071289,-3.5827059745788574,0.0,0.0,1.0,0.0,0.0,0.0,0.0
test,-3.7007174491882324,-4.53491735458374,0.0,0.0,0.0,1.0,0.0,0.0,0.0
test,3.938098192214966,0.12396278232336044,0.0,0.0,0.0,0.0,1.0,0.0,0.0
test,-5.45693302154541,-5.499804496765137,0.0,0.0,0.0,0.0,0.0,1.0,0.0
test,5.378876209259033,-7.286739826202393,0.0,0.0,0.0,0.0,0.0,0.0,1.0
test,-1.0480021238327026,-3.0299785137176514,1.0,0.0,0.0,0.0,0.0,0.0,0.0
test,1.7066798210144043,-1.9407801628112793,0.0,1.0,0.0,0.0,0.0,0.0,0.0
test,-2.6793224811553955,-4.340883255004883,0.0,0.0,1.0,0.0,0.0,0.0,0.0
test,-1.8224624395370483,-6.469850063323975,0.0,0.0,0.0,1.0,0.0,0.0,0.0
test,4.1350507736206055,-5.6008429527282715,0.0,0.0,0.0,0.0,1.0,0.0,0.0
test,5.924180030822754,-2.4359118938446045,0.0,0.0,0.0,0.0,0.0,1.0,0.0
test,2.7444474697113037,-9.2932767868042,0.0,0.0,0.0,0.0,0.0,0.0,1.0
test,0.21676190197467804,-3.840463638305664,1.0,0.0,0.0,0.0,0.0,0.0,0.0
test,-1.994742751121521,-3.3838260173797607,0.0,1.0,0.0,0.0,0.0,0.0,0.0
test,1.7991807460784912,-5.234273433685303,0.0,0.0,1.0,0.0,0.0,0.0,0.0
test,3.804112195968628,-1.8434064388275146,0.0,0.0,0.0,1.0,0.0,0.0,0.0
test,-4.274578094482422,-5.568661212921143,0.0,0.0,0.0,0.0,1.0,0.0,0.0
test,-4.615816116333008,1.0243821144104004,0.0,0.0,0.0,0.0,0.0,1.0,0.0
test,-4.245615005493164,-8.489676475524902,0.0,0.0,0.0,0.0,0.0,0.0,1.0
test,-0.8419091701507568,-2.2567031383514404,1.0,0.0,0.0,0.0,0.0,0.0,0.0
test,1.863560438156128,-3.4290661811828613,0.0,1.0,0.0,0.0,0.0,0.0,0.0
test,-1.656683087348938,-0.3399224579334259,0.0,0.0,1.0,0.0,0.0,0.0,0.0
test,-1.69117271900177,-6.5313897132873535,0.0,0.0,0.0,1.0,0.0,0.0,0.0
test,-3.3659214973449707,0.8712425231933594,0.0,0.0,0.0,0.0,1.0,0.0,0.0
test,4.479152202606201,1.045112133026123,0.0,0.0,0.0,0.0,0.0,1.0,0.0
test,6.4536590576171875,-0.3142194151878357,0.0,0.0,0.0,0.0,0.0,0.0,1.0
test,-0.9956071376800537,-2.5278782844543457,1.0,0.0,0.0,0.0,0.0,0.0,0.0
test,0.6437060832977295,-4.751687526702881,0.0,1.0,0.0,0.0,0.0,0.0,0.0
test,1.9375494718551636,-0.6405725479125977,0.0,0.0,1.0,0.0,0.0,0.0,0.0
test,1.085105538368225,-6.712120056152344,0.0,0.0,0.0,1.0,0.0,0.0,0.0
test,2.094794750213623,-7.3914947509765625,0.0,0.0,0.0,0.0,1.0,0.0,0.0
test,-0.6672201156616211,3.0897789001464844,0.0,0.0,0.0,0.0,0.0,1.0,0.0
test,3.841866970062256,-8.691414833068848,0.0,0.0,0.0,0.0,0.0,0.0,1.0
test,0.24747486412525177,-1.9276093244552612,1.0,0.0,0.0,0.0,0.0,0.0,0.0
test,-1.6367948055267334,-4.108932971954346,0.0,1.0,0.0,0.0,0.0,0.0,0.0
test,-3.030622720718384,-2.464747428894043,0.0,0.0,1.0,0.0,0.0,0.0,0.0
test,-3.7988929748535156,-1.4594001770019531,0.0,0.0,0.0,1.0,0.0,0.0,0.0
test,4.731566429138184,-1.4487831592559814,0.0,0.0,0.0,0.0,1.0,0.0,0.0
test,-4.513071537017822,1.141204595565796,0.0,0.0,0.0,0.0,0.0,1.0,0.0
test,-5.155884742736816,1.919180989265442,0.0,0.0,0.0,0.0,0.0,0.0,1.0
test,0.453786164522171,-3.737626552581787,1.0,0.0,0.0,0.0,0.0,0.0,0.0
test,1.5805001258850098,-4.024210453033447,0.0,1.0,0.0,0.0,0.0,0.0,0.0
test,-2.825451374053955,-1.7178831100463867,0.0,0.0,1.0,0.0,0.0,0.0,0.0
test,-2.085833787918091,-6.328066825866699,0.0,0.0,0.0,1.0,0.0,0.0,0.0
test,0.9404290318489075,2.0196564197540283,0.0,0.0,0.0,0.0,1.0,0.0,0.0
test,-5.676119804382324,-0.7692424654960632,0.0,0.0,0.0,0.0,0.0,1.0,0.0
test,-2.240004301071167,3.772336721420288,0.0,0.0,0.0,0.0,0.0,0.0,1.0
test,-0.8107028603553772,-2.219385862350464,1.0,0.0,0.0,0.0,0.0,0.0,0.0
test,1.3918577432632446,-4.25551700592041,0.0,1.0,0.0,0.0,0.0,0.0,0.0
test,2.7177155017852783,-4.01406717300415,0.0,0.0,1.0,0.0,0.0,0.0,0.0
test,2.882991075515747,-5.58901834487915,0.0,0.0,0.0,1.0,0.0,0.0,0.0
test,4.936669826507568,-3.0772972106933594,0.0,0.0,0.0,0.0,1.0,0.0,0.0
test,3.938904047012329,1.5942870378494263,0.0,0.0,0.0,0.0,0.0,1.0,0.0
test,6.357680320739746,-0.08276132494211197,0.0,0.0,0.0,0.0,0.0,0.0,1.0
test,-0.5836490988731384,-2.0277841091156006,1.0,0.0,0.0,0.0,0.0,0.0,0.0
test,1.688929557800293,-1.908116340637207,0.0,1.0,0.0,0.0,0.0,0.0,0.0
test,-3.0560219287872314,-2.736804485321045,0.0,0.0,1.0,0.0,0.0,0.0,0.0
test,-0.033004261553287506,-6.879268646240234,0.0,0.0,0.0,1.0,0.0,0.0,0.0
test,2.651566505432129,-7.080617427825928,0.0,0.0,0.0,0.0,1.0,0.0,0.0
test,-3.409081220626831,-7.857277870178223,0.0,0.0,0.0,0.0,0.0,1.0,0.0
test,0.47484439611434937,-9.858938217163086,0.0,0.0,0.0,0.0,0.0,0.0,1.0
test,0.8067912459373474,-2.379661798477173,1.0,0.0,0.0,0.0,0.0,0.0,0.0
test,1.7002453804016113,-3.829939842224121,0.0,1.0,0.0,0.0,0.0,0.0,0.0
test,-2.124784469604492,-0.7035267949104309,0.0,0.0,1.0,0.0,0.0,0.0,0.0
test,-3.1934616565704346,-5.364858627319336,0.0,0.0,0.0,1.0,0.0,0.0,0.0
test,1.1885019540786743,1.962411880493164,0.0,0.0,0.0,0.0,1.0,0.0,0.0
test,-4.48046875,-6.935739517211914,0.0,0.0,0.0,0.0,0.0,1.0,0.0
test,1.4054361581802368,-9.724370002746582,0.0,0.0,0.0,0.0,0.0,0.0,1.0
test,-0.6795676946640015,-2.0948779582977295,1.0,0.0,0.0,0.0,0.0,0.0,0.0
test,1.741325855255127,-3.749612808227539,0.0,1.0,0.0,0.0,0.0,0.0,0.0
test,1.5791223049163818,-0.36634770035743713,0.0,0.0,1.0,0.0,0.0,0.0,0.0
test,-4.055583953857422,-3.054279088973999,0.0,0.0,0.0,1.0,0.0,0.0,0.0
test,-1.6160104274749756,-7.630881309509277,0.0,0.0,0.0,0.0,1.0,0.0,0.0
test,2.3880224227905273,-8.357501029968262,0.0,0.0,0.0,0.0,0.0,1.0,0.0
test,-2.766162633895874,3.5761454105377197,0.0,0.0,0.0,0.0,0.0,0.0,1.0
test,-0.44487249851226807,-1.9566318988800049,1.0,0.0,0.0,0.0,0.0,0.0,0.0
test,1.6956298351287842,-1.9202767610549927,0.0,1.0,0.0,0.0,0.0,0.0,0.0
test,-3.045785903930664,-3.164949893951416,0.0,0.0,1.0,0.0,0.0,0.0,0.0
test,2.369312286376953,0.2988991141319275,0.0,0.0,0.0,1.0,0.0,0.0,0.0
test,0.05619034543633461,-7.878019332885742,0.0,0.0,0.0,0.0,1.0,0.0,0.0
test,3.7227182388305664,-7.537198543548584,0.0,0.0,0.0,0.0,0.0,1.0,0.0
test,4.329042911529541,-8.332930564880371,0.0,0.0,0.0,0.0,0.0,0.0,1.0
test,0.281871497631073,-3.8193166255950928,1.0,0.0,0.0,0.0,0.0,0.0,0.0
test,-1.9151729345321655,-2.13360333442688,0.0,1.0,0.0,0.0,0.0,0.0,0.0
test,2.274139165878296,-0.994005560874939,0.0,0.0,1.0,0.0,0.0,0.0,0.0
test,-1.0286349058151245,-6.760155200958252,0.0,0.0,0.0,1.0,0.0,0.0,0.0
test,2.8387413024902344,1.1950417757034302,0.0,0.0,0.0,0.0,1.0,0.0,0.0
test,5.798657417297363,-1.582035779953003,0.0,0.0,0.0,0.0,0.0,1.0,0.0
test,5.8158345222473145,0.9261002540588379,0.0,0.0,0.0,0.0,0.0,0.0,1.0
test,0.22879759967327118,-1.921787977218628,1.0,0.0,0.0,0.0,0.0,0.0,0.0
test,-1.721046805381775,-3.9924440383911133,0.0,1.0,0.0,0.0,0.0,0.0,0.0
test,2.552579879760742,-4.354992866516113,0.0,0.0,1.0,0.0,0.0,0.0,0.0
test,-2.1700127124786377,0.5184905529022217,0.0,0.0,0.0,1.0,0.0,0.0,0.0
test,4.628693580627441,-4.617652893066406,0.0,0.0,0.0,0.0,1.0,0.0,0.0
test,1.0542914867401123,3.0163772106170654,0.0,0.0,0.0,0.0,0.0,1.0,0.0
test,4.146751403808594,2.716017484664917,0.0,0.0,0.0,0.0,0.0,0.0,1.0
test,-0.8336519598960876,-2.246464967727661,1.0,0.0,0.0,0.0,0.0,0.0,0.0
test,1.2455960512161255,-1.3637841939926147,0.0,1.0,0.0,0.0,0.0,0.0,0.0
test,2.878298282623291,-3.487520933151245,0.0,0.0,1.0,0.0,0.0,0.0,0.0
test,-2.0917108058929443,-6.324606895446777,0.0,0.0,0.0,1.0,0.0,0.0,0.0
test,-2.8824117183685303,-7.006178379058838,0.0,0.0,0.0,0.0,1.0,0.0,0.0
test,-5.957479953765869,-1.7780922651290894,0.0,0.0,0.0,0.0,0.0,1.0,0.0
test,0.45400869846343994,4.101790428161621,0.0,0.0,0.0,0.0,0.0,0.0,1.0
test,-0.11245466768741608,-1.8807635307312012,1.0,0.0,0.0,0.0,0.0,0.0,0.0
test,1.9401081800460815,-2.8354921340942383,0.0,1.0,0.0,0.0,0.0,0.0,0.0
test,2.0651705265045166,-4.997410297393799,0.0,0.0,1.0,0.0,0.0,0.0,0.0
test,-4.0525007247924805,-2.644335985183716,0.0,0.0,0.0,1.0,0.0,0.0,0.0
test,-4.095736503601074,0.07158897817134857,0.0,0.0,0.0,0.0,1.0,0.0,0.0
test,5.771661281585693,-1.4656373262405396,0.0,0.0,0.0,0.0,0.0,1.0,0.0
test,-6.969566345214844,-3.997278928756714,0.0,0.0,0.0,0.0,0.0,0.0,1.0
test,-0.9968152046203613,-2.5311131477355957,1.0,0.0,0.0,0.0,0.0,0.0,0.0
test,1.9236259460449219,-2.61942195892334,0.0,1.0,0.0,0.0,0.0,0.0,0.0
test,1.7134194374084473,-0.4592166244983673,0.0,0.0,1.0,0.0,0.0,0.0,0.0
test,1.492698311805725,-6.56594705581665,0.0,0.0,0.0,1.0,0.0,0.0,0.0
test,-2.135218620300293,1.6693828105926514,0.0,0.0,0.0,0.0,1.0,0.0,0.0
test,4.207361221313477,-7.097726821899414,0.0,0.0,0.0,0.0,0.0,1.0,0.0
test,6.617647171020508,-0.7777146697044373,0.0,0.0,0.0,0.0,0.0,0.0,1.0
test,-0.111973337829113,-3.8779733180999756,1.0,0.0,0.0,0.0,0.0,0.0,0.0
test,-1.9387991428375244,-2.195323944091797,0.0,1.0,0.0,0.0,0.0,0.0,0.0
test,0.8610620498657227,-0.024057168513536453,0.0,0.0,1.0,0.0,0.0,0.0,0.0
test,-1.6759226322174072,0.7794541120529175,0.0,0.0,0.0,1.0,0.0,0.0,0.0
test,4.938323020935059,-3.0298821926116943,0.0,0.0,0.0,0.0,1.0,0.0,0.0
test,1.1492772102355957,-8.75635051727295,0.0,0.0,0.0,0.0,0.0,1.0,0.0
test,-3.4401512145996094,3.2501299381256104,0.0,0.0,0.0,0.0,0.0,0.0,1.0
test,-0.9709386229515076,-2.4681172370910645,1.0,0.0,0.0,0.0,0.0,0.0,0.0
test,1.1484874486923218,-1.285309910774231,0.0,1.0,0.0,0.0,0.0,0.0,0.0
test,-1.6286158561706543,-0.32248350977897644,0.0,0.0,1.0,0.0,0.0,0.0,0.0
test,1.5395424365997314,-6.545873165130615,0.0,0.0,0.0,1.0,0.0,0.0,0.0
test,-3.2917189598083496,0.9353768229484558,0.0,0.0,0.0,0.0,1.0,0.0,0.0
test,-5.952973365783691,-4.004486560821533,0.0,0.0,0.0,0.0,0.0,1.0,0.0
test,-7.058645248413086,-2.9828877449035645,0.0,0.0,0.0,0.0,0.0,0.0,1.0
test,-0.9795014262199402,-2.487650156021118,1.0,0.0,0.0,0.0,0.0,0.0,0.0
test,1.6231772899627686,-1.798200011253357,0.0,1.0,0.0,0.0,0.0,0.0,0.0
test,-0.5807659029960632,0.07499512284994125,0.0,0.0,1.0,0.0,0.0,0.0,0.0
test,3.2530527114868164,-0.6371277570724487,0.0,0.0,0.0,1.0,0.0,0.0,0.0
test,2.4014370441436768,-7.2318525314331055,0.0,0.0,0.0,0.0,1.0,0.0,0.0
test,-5.83314847946167,-4.511518478393555,0.0,0.0,0.0,0.0,0.0,1.0,0.0
test,5.938692569732666,-6.48806095123291,0.0,0.0,0.0,0.0,0.0,0.0,1.0
test,0.8316004872322083,-2.4253745079040527,1.0,0.0,0.0,0.0,0.0,0.0,0.0
test,1.4718185663223267,-1.592756748199463,0.0,1.0,0.0,0.0,0.0,0.0,0.0
test,-3.059082269668579,-2.8349533081054688,0.0,0.0,1.0,0.0,0.0,0.0,0.0
test,-1.5929967164993286,-6.573690891265869,0.0,0.0,0.0,1.0,0.0,0.0,0.0
test,4.484452724456787,-4.965813159942627,0.0,0.0,0.0,0.0,1.0,0.0,0.0
test,5.212494373321533,-5.744145393371582,0.0,0.0,0.0,0.0,0.0,1.0,0.0
test,-4.332110404968262,2.665374755859375,0.0,0.0,0.0,0.0,0.0,0.0,1.0
test,0.8915093541145325,-3.1887922286987305,1.0,0.0,0.0,0.0,0.0,0.0,0.0
test,1.0873947143554688,-4.517902851104736,0.0,1.0,0.0,0.0,0.0,0.0,0.0
test,1.001550316810608,-5.685484886169434,0.0,0.0,1.0,0.0,0.0,0.0,0.0
test,-4.055603504180908,-2.704875946044922,0.0,0.0,0.0,1.0,0.0,0.0,0.0
test,4.741278648376465,-4.2769904136657715,0.0,0.0,0.0,0.0,1.0,0.0,0.0
test,-5.4934282302856445,-0.33545082807540894,0.0,0.0,0.0,0.0,0.0,1.0,0.0
test,6.433298587799072,-0.26311296224594116,0.0,0.0,0.0,0.0,0.0,0.0,1.0
test,-0.8226077556610107,-2.233189821243286,1.0,0.0,0.0,0.0,0.0,0.0,0.0
test,0.5234152674674988,-0.9661610722541809,0.0,1.0,0.0,0.0,0.0,0.0,0.0
test,-0.7231549620628357,0.046296972781419754,0.0,0.0,1.0,0.0,0.0,0.0,0.0
test,2.7799909114837646,-0.061945874243974686,0.0,0.0,0.0,1.0,0.0,0.0,0.0
test,-2.740718126296997,1.3409037590026855,0.0,0.0,0.0,0.0,1.0,0.0,0.0
test,1.0804117918014526,3.011383056640625,0.0,0.0,0.0,0.0,0.0,1.0,0.0
test,4.112170219421387,2.7418463230133057,0.0,0.0,0.0,0.0,0.0,0.0,1.0
test,-0.5934606790542603,-2.033902883529663,1.0,0.0,0.0,0.0,0.0,0.0,0.0
test,-2.0592575073242188,-2.904109001159668,0.0,1.0,0.0,0.0,0.0,0.0,0.0
test,-1.6871391534805298,-5.3993754386901855,0.0,0.0,1.0,0.0,0.0,0.0,0.0
test,3.6792802810668945,-4.301393032073975,0.0,0.0,0.0,1.0,0.0,0.0,0.0
test,-0.3078082501888275,-7.8731818199157715,0.0,0.0,0.0,0.0,1.0,0.0,0.0
test,5.86244535446167,-1.9141504764556885,0.0,0.0,0.0,0.0,0.0,1.0,0.0
test,-4.959832191467285,2.1192309856414795,0.0,0.0,0.0,0.0,0.0,0.0,1.0
test,-0.12607748806476593,-3.8771309852600098,1.0,0.0,0.0,0.0,0.0,0.0,0.0
test,-0.761959969997406,-1.0068107843399048,0.0,1.0,0.0,0.0,0.0,0.0,0.0
test,2.727687358856201,-1.7693626880645752,0.0,0.0,1.0,0.0,0.0,0.0,0.0
test,-3.975888729095459,-3.692497968673706,0.0,0.0,0.0,1.0,0.0,0.0,0.0
test,0.9132997393608093,-7.7838263511657715,0.0,0.0,0.0,0.0,1.0,0.0,0.0
test,-1.9746639728546143,-8.565462112426758,0.0,0.0,0.0,0.0,0.0,1.0,0.0
test,6.880651950836182,-1.9652833938598633,0.0,0.0,0.0,0.0,0.0,0.0,1.0
test,-1.0385295152664185,-2.6760668754577637,1.0,0.0,0.0,0.0,0.0,0.0,0.0
test,-1.9000895023345947,-2.097114324569702,0.0,1.0,0.0,0.0,0.0,0.0,0.0
test,1.6905003786087036,-0.4425932765007019,0.0,0.0,1.0,0.0,0.0,0.0,0.0
test,3.7387027740478516,-1.6246311664581299,0.0,0.0,0.0,1.0,0.0,0.0,0.0
test,-2.2581751346588135,-7.369949817657471,0.0,0.0,0.0,0.0,1.0,0.0,0.0
test,-3.5542986392974854,-7.756420135498047,0.0,0.0,0.0,0.0,0.0,1.0,0.0
test,6.62954044342041,-4.942831516265869,0.0,0.0,0.0,0.0,0.0,0.0,1.0
test,-0.5814623236656189,-2.026441812515259,1.0,0.0,0.0,0.0,0.0,0.0,0.0
test,-0.25114962458610535,-0.8885678648948669,0.0,1.0,0.0,0.0,0.0,0.0,0.0
test,-3.058598279953003,-2.9491677284240723,0.0,0.0,1.0,0.0,0.0,0.0,0.0
test,-3.937721014022827,-3.858492612838745,0.0,0.0,0.0,1.0,0.0,0.0,0.0
test,3.654850721359253,-6.226632595062256,0.0,0.0,0.0,0.0,1.0,0.0,0.0
test,-2.812413454055786,-8.210488319396973,0.0,0.0,0.0,0.0,0.0,1.0,0.0
test,6.16563081741333,-6.0807390213012695,0.0,0.0,0.0,0.0,0.0,0.0,1.0
test,0.9329743385314941,-2.7561817169189453,1.0,0.0,0.0,0.0,0.0,0.0,0.0
test,0.006654707249253988,-4.878264427185059,0.0,1.0,0.0,0.0,0.0,0.0,0.0
test,1.234501600265503,-0.17273589968681335,0.0,0.0,1.0,0.0,0.0,0.0,0.0
test,-0.45025917887687683,1.1015031337738037,0.0,0.0,0.0,1.0,0.0,0.0,0.0
test,2.84737491607666,1.1888868808746338,0.0,0.0,0.0,0.0,1.0,0.0,0.0
test,5.608572959899902,-0.9111179709434509,0.0,0.0,0.0,0.0,0.0,1.0,0.0
test,5.3903703689575195,-7.272519588470459,0.0,0.0,0.0,0.0,0.0,0.0,1.0
test,-0.7371267080307007,-2.1440320014953613,1.0,0.0,0.0,0.0,0.0,0.0,0.0
test,-1.5045430660247803,-4.261959075927734,0.0,1.0,0.0,0.0,0.0,0.0,0.0
test,-1.2423261404037476,-0.12241696566343307,0.0,0.0,1.0,0.0,0.0,0.0,0.0
test,-2.3676180839538574,0.3874743580818176,0.0,0.0,0.0,1.0,0.0,0.0,0.0
test,-2.6194756031036377,1.4155328273773193,0.0,0.0,0.0,0.0,1.0,0.0,0.0
test,-0.5661611557006836,3.0992064476013184,0.0,0.0,0.0,0.0,0.0,1.0,0.0
test,-7.0488600730896,-2.4951677322387695,0.0,0.0,0.0,0.0,0.0,0.0,1.0
test,0.1475984901189804,-3.857694625854492,1.0,0.0,0.0,0.0,0.0,0.0,0.0
test,-1.9278364181518555,-2.1659233570098877,0.0,1.0,0.0,0.0,0.0,0.0,0.0
test,2.8771631717681885,-2.265732526779175,0.0,0.0,1.0,0.0,0.0,0.0,0.0
test,3.8805510997772217,-3.5697903633117676,0.0,0.0,0.0,1.0,0.0,0.0,0.0
test,1.0319613218307495,-7.758792877197266,0.0,0.0,0.0,0.0,1.0,0.0,0.0
test,-5.798437595367432,-1.1290489435195923,0.0,0.0,0.0,0.0,0.0,1.0,0.0
test,-4.92672061920166,2.1514787673950195,0.0,0.0,0.0,0.0,0.0,0.0,1.0
test,-0.8673405647277832,-2.290076971054077,1.0,0.0,0.0,0.0,0.0,0.0,0.0
test,-1.1425819396972656,-1.1980644464492798,0.0,1.0,0.0,0.0,0.0,0.0,0.0
test,2.8861758708953857,-3.448143482208252,0.0,0.0,1.0,0.0,0.0,0.0,0.0
test,3.6401724815368652,-4.400238037109375,0.0,0.0,0.0,1.0,0.0,0.0,0.0
test,-0.4439140260219574,-7.86454963684082,0.0,0.0,0.0,0.0,1.0,0.0,0.0
test,3.2148728370666504,-7.907185077667236,0.0,0.0,0.0,0.0,0.0,1.0,0.0
test,6.842465400695801,-4.047303676605225,0.0,0.0,0.0,0.0,0.0,0.0,1.0
test,0.92710942029953,-3.0429954528808594,1.0,0.0,0.0,0.0,0.0,0.0,0.0
test,1.1789064407348633,-4.449887752532959,0.0,1.0,0.0,0.0,0.0,0.0,0.0
test,2.491631507873535,-1.3006908893585205,0.0,0.0,1.0,0.0,0.0,0.0,0.0
test,-3.7036499977111816,-4.5284528732299805,0.0,0.0,0.0,1.0,0.0,0.0,0.0
test,1.5626482963562012,-7.608935356140137,0.0,0.0,0.0,0.0,1.0,0.0,0.0
test,-1.0421006679534912,3.039623975753784,0.0,0.0,0.0,0.0,0.0,1.0,0.0
test,2.0730860233306885,-9.546623229980469,0.0,0.0,0.0,0.0,0.0,0.0,1.0
test,0.6827244758605957,-3.5496058464050293,1.0,0.0,0.0,0.0,0.0,0.0,0.0
test,1.0169543027877808,-4.565012454986572,0.0,1.0,0.0,0.0,0.0,0.0,0.0
test,-2.2157275676727295,-0.7936190366744995,0.0,0.0,1.0,0.0,0.0,0.0,0.0
test,3.29705548286438,-5.05516242980957,0.0,0.0,0.0,1.0,0.0,0.0,0.0
test,-3.7361128330230713,-6.267845630645752,0.0,0.0,0.0,0.0,1.0,0.0,0.0
test,5.600931644439697,-4.869462013244629,0.0,0.0,0.0,0.0,0.0,1.0,0.0
test,2.095121145248413,3.7808239459991455,0.0,0.0,0.0,0.0,0.0,0.0,1.0
test,0.8473723530769348,-3.3009531497955322,1.0,0.0,0.0,0.0,0.0,0.0,0.0
test,-1.9863680601119995,-3.414926052093506,0.0,1.0,0.0,0.0,0.0,0.0,0.0
test,-3.058105230331421,-2.967850923538208,0.0,0.0,1.0,0.0,0.0,0.0,0.0
test,1.595475673675537,0.7622580528259277,0.0,0.0,0.0,1.0,0.0,0.0,0.0
test,-3.256108283996582,-6.723978519439697,0.0,0.0,0.0,0.0,1.0,0.0,0.0
test,-1.3510850667953491,-8.73867130279541,0.0,0.0,0.0,0.0,0.0,1.0,0.0
test,-2.7131922245025635,3.5981009006500244,0.0,0.0,0.0,0.0,0.0,0.0,1.0
test,0.9100916981697083,-2.6342742443084717,1.0,0.0,0.0,0.0,0.0,0.0,0.0
test,0.6149523854255676,-4.762235164642334,0.0,1.0,0.0,0.0,0.0,0.0,0.0
test,-2.4663825035095215,-1.0886889696121216,0.0,0.0,1.0,0.0,0.0,0.0,0.0
test,0.5129398107528687,1.0794843435287476,0.0,0.0,0.0,1.0,0.0,0.0,0.0
test,-0.551253080368042,2.0963945388793945,0.0,0.0,0.0,0.0,1.0,0.0,0.0
test,-2.972085952758789,-8.124956130981445,0.0,0.0,0.0,0.0,0.0,1.0,0.0
test,-5.9980010986328125,-6.585181713104248,0.0,0.0,0.0,0.0,0.0,0.0,1.0
test,0.7869757413864136,-3.4119248390197754,1.0,0.0,0.0,0.0,0.0,0.0,0.0
test,-0.9829253554344177,-1.1053431034088135,0.0,1.0,0.0,0.0,0.0,0.0,0.0
test,-2.736285924911499,-1.524977684020996,0.0,0.0,1.0,0.0,0.0,0.0,0.0
test,3.886605739593506,-3.534301519393921,0.0,0.0,0.0,1.0,0.0,0.0,0.0
test,4.439887046813965,-5.060254096984863,0.0,0.0,0.0,0.0,1.0,0.0,0.0
test,-0.33687838912010193,-8.872936248779297,0.0,0.0,0.0,0.0,0.0,1.0,0.0
test,6.735565662384033,-1.197601318359375,0.0,0.0,0.0,0.0,0.0,0.0,1.0
test,-0.02054203487932682,-1.8801113367080688,1.0,0.0,0.0,0.0,0.0,0.0,0.0
test,0.0882776603102684,-0.8848161101341248,0.0,1.0,0.0,0.0,0.0,0.0,0.0
test,-2.1654441356658936,-5.0158538818359375,0.0,0.0,1.0,0.0,0.0,0.0,0.0
test,1.7454384565353394,-6.44902229309082,0.0,0.0,0.0,1.0,0.0,0.0,0.0
test,4.784478187561035,-4.119009017944336,0.0,0.0,0.0,0.0,1.0,0.0,0.0
test,2.791788339614868,2.399911642074585,0.0,0.0,0.0,0.0,0.0,1.0,0.0
test,6.140754699707031,0.3699437975883484,0.0,0.0,0.0,0.0,0.0,0.0,1.0
test,0.5169675350189209,-3.6965386867523193,1.0,0.0,0.0,0.0,0.0,0.0,0.0
test,-0.8091408014297485,-4.733514308929443,0.0,1.0,0.0,0.0,0.0,0.0,0.0
test,2.9392175674438477,-2.788646697998047,0.0,0.0,1.0,0.0,0.0,0.0,0.0
test,-3.928579568862915,-1.8646966218948364,0.0,0.0,0.0,1.0,0.0,0.0,0.0
test,4.432379722595215,-5.075675010681152,0.0,0.0,0.0,0.0,1.0,0.0,0.0
test,-4.0325422286987305,1.6166677474975586,0.0,0.0,0.0,0.0,0.0,1.0,0.0
test,-0.718227207660675,4.089572429656982,0.0,0.0,0.0,0.0,0.0,0.0,1.0
test,-0.6716464161872864,-2.0886802673339844,1.0,0.0,0.0,0.0,0.0,0.0,0.0
test,1.8704684972763062,-3.404299259185791,0.0,1.0,0.0,0.0,0.0,0.0,0.0
test,-0.8226401805877686,-5.780645370483398,0.0,0.0,1.0,0.0,0.0,0.0,0.0
test,-2.46610951423645,0.31560927629470825,0.0,0.0,0.0,1.0,0.0,0.0,0.0
test,1.780497670173645,-7.5285210609436035,0.0,0.0,0.0,0.0,1.0,0.0,0.0
test,-5.816216945648193,-4.570267677307129,0.0,0.0,0.0,0.0,0.0,1.0,0.0
test,6.087224006652832,-6.228816032409668,0.0,0.0,0.0,0.0,0.0,0.0,1.0
test,0.7768712043762207,-2.3310561180114746,1.0,0.0,0.0,0.0,0.0,0.0,0.0
test,-0.7810422778129578,-1.0140814781188965,0.0,1.0,0.0,0.0,0.0,0.0,0.0
test,2.3200535774230957,-1.052295207977295,0.0,0.0,1.0,0.0,0.0,0.0,0.0
test,-3.1324143409729004,-5.439950942993164,0.0,0.0,0.0,1.0,0.0,0.0,0.0
test,4.23036527633667,-0.3107329308986664,0.0,0.0,0.0,0.0,1.0,0.0,0.0
test,4.839316368103027,-6.343814373016357,0.0,0.0,0.0,0.0,0.0,1.0,0.0
test,3.405332088470459,3.2030415534973145,0.0,0.0,0.0,0.0,0.0,0.0,1.0
test,-0.1727999895811081,-3.872906446456909,1.0,0.0,0.0,0.0,0.0,0.0,0.0
test,-1.7283759117126465,-3.981424331665039,0.0,1.0,0.0,0.0,0.0,0.0,0.0
test,2.8427414894104004,-2.119413375854492,0.0,0.0,1.0,0.0,0.0,0.0,0.0
test,-3.988333225250244,-3.630067825317383,0.0,0.0,0.0,1.0,0.0,0.0,0.0
test,-3.7571420669555664,0.4861728847026825,0.0,0.0,0.0,0.0,1.0,0.0,0.0
test,-3.0690340995788574,2.3112287521362305,0.0,0.0,0.0,0.0,0.0,1.0,0.0
test,-6.232004642486572,-6.180731773376465,0.0,0.0,0.0,0.0,0.0,0.0,1.0
test,0.8793773055076599,-2.534860372543335,1.0,0.0,0.0,0.0,0.0,0.0,0.0
test,-2.027815818786621,-2.5252630710601807,0.0,1.0,0.0,0.0,0.0,0.0,0.0
test,1.6206464767456055,-0.3939165771007538,0.0,0.0,1.0,0.0,0.0,0.0,0.0
test,-2.433626890182495,0.33982089161872864,0.0,0.0,0.0,1.0,0.0,0.0,0.0
test,-3.69224214553833,-6.31483793258667,0.0,0.0,0.0,0.0,1.0,0.0,0.0
test,-3.503690481185913,2.0335800647735596,0.0,0.0,0.0,0.0,0.0,1.0,0.0
test,4.3509650230407715,-8.315217018127441,0.0,0.0,0.0,0.0,0.0,0.0,1.0
test,0.7627668976783752,-3.4485867023468018,1.0,0.0,0.0,0.0,0.0,0.0,0.0
test,1.619703769683838,-1.7928133010864258,0.0,1.0,0.0,0.0,0.0,0.0,0.0
test,2.933617353439331,-2.6749489307403564,0.0,0.0,1.0,0.0,0.0,0.0,0.0
test,-2.054530143737793,0.5875592231750488,0.0,0.0,0.0,1.0,0.0,0.0,0.0
test,0.22311650216579437,-7.87136697769165,0.0,0.0,0.0,0.0,1.0,0.0,0.0
test,4.389326095581055,-6.905364036560059,0.0,0.0,0.0,0.0,0.0,1.0,0.0
test,-4.5859856605529785,-8.218842506408691,0.0,0.0,0.0,0.0,0.0,0.0,1.0
test,-0.6508399844169617,-2.0729987621307373,1.0,0.0,0.0,0.0,0.0,0.0,0.0
test,-1.3932204246520996,-4.369641304016113,0.0,1.0,0.0,0.0,0.0,0.0,0.0
test,-0.4441254436969757,0.09587446600198746,0.0,0.0,1.0,0.0,0.0,0.0,0.0
test,-2.4761383533477783,-6.066741466522217,0.0,0.0,0.0,1.0,0.0,0.0,0.0
test,4.892287731170654,-2.186042547225952,0.0,0.0,0.0,0.0,1.0,0.0,0.0
test,3.4937503337860107,-7.714130401611328,0.0,0.0,0.0,0.0,0.0,1.0,0.0
test,-6.66037654876709,-5.209001064300537,0.0,0.0,0.0,0.0,0.0,0.0,1.0
test,-0.3523882031440735,-1.92323637008667,1.0,0.0,0.0,0.0,0.0,0.0,0.0
test,0.045751024037599564,-4.876588821411133,0.0,1.0,0.0,0.0,0.0,0.0,0.0
test,2.7774248123168945,-3.8552472591400146,0.0,0.0,1.0,0.0,0.0,0.0,0.0
test,0.449919730424881,1.0880845785140991,0.0,0.0,0.0,1.0,0.0,0.0,0.0
test,-1.1156880855560303,2.007798671722412,0.0,0.0,0.0,0.0,1.0,0.0,0.0
test,-5.44688081741333,-0.23830193281173706,0.0,0.0,0.0,0.0,0.0,1.0,0.0
test,-6.855093479156494,-1.2004591226577759,0.0,0.0,0.0,0.0,0.0,0.0,1.0
test,-0.8400047421455383,-2.254317283630371,1.0,0.0,0.0,0.0,0.0,0.0,0.0
test,1.8054406642913818,-2.156632423400879,0.0,1.0,0.0,0.0,0.0,0.0,0.0
test,-2.8682501316070557,-1.8255901336669922,0.0,0.0,1.0,0.0,0.0,0.0,0.0
test,2.896958827972412,-0.1849394291639328,0.0,0.0,0.0,1.0,0.0,0.0,0.0
test,-3.8810012340545654,0.34484127163887024,0.0,0.0,0.0,0.0,1.0,0.0,0.0
test,-0.3040675222873688,3.115654230117798,0.0,0.0,0.0,0.0,0.0,1.0,0.0
test,-0.853780210018158,4.075425148010254,0.0,0.0,0.0,0.0,0.0,0.0,1.0
test,0.6216529011726379,-3.6115798950195312,1.0,0.0,0.0,0.0,0.0,0.0,0.0
test,0.9734414219856262,-1.1666921377182007,0.0,1.0,0.0,0.0,0.0,0.0,0.0
test,-0.985568642616272,-5.732815265655518,0.0,0.0,1.0,0.0,0.0,0.0,0.0
test,-2.9522769451141357,-0.1168704554438591,0.0,0.0,0.0,1.0,0.0,0.0,0.0
test,-1.8806477785110474,-7.535866737365723,0.0,0.0,0.0,0.0,1.0,0.0,0.0
test,5.479921817779541,-0.573754608631134,0.0,0.0,0.0,0.0,0.0,1.0,0.0
test,0.23724228143692017,-9.873066902160645,0.0,0.0,0.0,0.0,0.0,0.0,1.0
test,-0.2260870486497879,-1.8933440446853638,1.0,0.0,0.0,0.0,0.0,0.0,0.0
test,1.0500938892364502,-4.543386936187744,0.0,1.0,0.0,0.0,0.0,0.0,0.0
test,2.6127920150756836,-4.242929458618164,0.0,0.0,1.0,0.0,0.0,0.0,0.0
test,3.080965995788574,-0.40185028314590454,0.0,0.0,0.0,1.0,0.0,0.0,0.0
test,2.0805954933166504,-7.3982462882995605,0.0,0.0,0.0,0.0,1.0,0.0,0.0
test,3.610340118408203,-7.626241683959961,0.0,0.0,0.0,0.0,0.0,1.0,0.0
test,4.800475120544434,-7.917362213134766,0.0,0.0,0.0,0.0,0.0,0.0,1.0
test,-0.36928820610046387,-3.830132246017456,1.0,0.0,0.0,0.0,0.0,0.0,0.0
test,-0.18526853621006012,-4.875391960144043,0.0,1.0,0.0,0.0,0.0,0.0,0.0
test,-2.1797080039978027,-5.0016984939575195,0.0,0.0,1.0,0.0,0.0,0.0,0.0
test,-1.921284794807434,-6.419613361358643,0.0,0.0,0.0,1.0,0.0,0.0,0.0
test,2.5247600078582764,-7.159783363342285,0.0,0.0,0.0,0.0,1.0,0.0,0.0
test,3.468977689743042,1.973527431488037,0.0,0.0,0.0,0.0,0.0,1.0,0.0
test,-0.8167996406555176,4.079549312591553,0.0,0.0,0.0,0.0,0.0,0.0,1.0
test,0.11116883158683777,-3.864699602127075,1.0,0.0,0.0,0.0,0.0,0.0,0.0
test,-2.052124261856079,-3.0499231815338135,0.0,1.0,0.0,0.0,0.0,0.0,0.0
test,2.940037965774536,-2.9368598461151123,0.0,0.0,1.0,0.0,0.0,0.0,0.0
test,3.904510021209717,-2.343322277069092,0.0,0.0,0.0,1.0,0.0,0.0,0.0
test,-4.200655937194824,-0.07755513489246368,0.0,0.0,0.0,0.0,1.0,0.0,0.0
test,5.688253879547119,-4.601085662841797,0.0,0.0,0.0,0.0,0.0,1.0,0.0
test,2.5792627334594727,-9.362981796264648,0.0,0.0,0.0,0.0,0.0,0.0,1.0
test,0.8986733555793762,-3.1658425331115723,1.0,0.0,0.0,0.0,0.0,0.0,0.0
test,-2.0458786487579346,-3.111616849899292,0.0,1.0,0.0,0.0,0.0,0.0,0.0
test,1.0052003860473633,-5.6841020584106445,0.0,0.0,1.0,0.0,0.0,0.0,0.0
test,-3.1869161128997803,-5.373089790344238,0.0,0.0,0.0,1.0,0.0,0.0,0.0
test,4.926980018615723,-2.5106990337371826,0.0,0.0,0.0,0.0,1.0,0.0,0.0
test,-3.1619367599487305,-8.0149507522583,0.0,0.0,0.0,0.0,0.0,1.0,0.0
test,1.4671108722686768,-9.710880279541016,0.0,0.0,0.0,0.0,0.0,0.0,1.0
test,-1.0098127126693726,-3.1903798580169678,1.0,0.0,0.0,0.0,0.0,0.0,0.0
test,-0.1527300924062729,-4.8771772384643555,0.0,1.0,0.0,0.0,0.0,0.0,0.0
test,-3.022838830947876,-2.4123504161834717,0.0,0.0,1.0,0.0,0.0,0.0,0.0
test,3.006530523300171,-5.4484028816223145,0.0,0.0,0.0,1.0,0.0,0.0,0.0
test,3.115684747695923,-6.741837978363037,0.0,0.0,0.0,0.0,1.0,0.0,0.0
test,5.710326194763184,-4.525604248046875,0.0,0.0,0.0,0.0,0.0,1.0,0.0
test,2.6953999996185303,3.55578351020813,0.0,0.0,0.0,0.0,0.0,0.0,1.0
test,0.652901291847229,-3.581218719482422,1.0,0.0,0.0,0.0,0.0,0.0,0.0
test,1.2280964851379395,-4.409821510314941,0.0,1.0,0.0,0.0,0.0,0.0,0.0
test,-1.1213829517364502,-0.07360891997814178,0.0,0.0,1.0,0.0,0.0,0.0,0.0
test,-3.92615008354187,-3.9032344818115234,0.0,0.0,0.0,1.0,0.0,0.0,0.0
test,-3.834815263748169,0.3988024890422821,0.0,0.0,0.0,0.0,1.0,0.0,0.0
test,-5.621789932250977,-5.128786563873291,0.0,0.0,0.0,0.0,0.0,1.0,0.0
test,4.313975811004639,-8.345020294189453,0.0,0.0,0.0,0.0,0.0,0.0,1.0
test,-0.6914388537406921,-2.104410171508789,1.0,0.0,0.0,0.0,0.0,0.0,0.0
test,-1.7019561529159546,-1.7382838726043701,0.0,1.0,0.0,0.0,0.0,0.0,0.0
test,-3.0535366535186768,-2.6917121410369873,0.0,0.0,1.0,0.0,0.0,0.0,0.0
test,-1.7402863502502441,-6.50904655456543,0.0,0.0,0.0,1.0,0.0,0.0,0.0
test,-1.4477618932724,-7.682737827301025,0.0,0.0,0.0,0.0,1.0,0.0,0.0
test,-5.9781622886657715,-3.863417863845825,0.0,0.0,0.0,0.0,0.0,1.0,0.0
test,-3.1400654315948486,-9.165019035339355,0.0,0.0,0.0,0.0,0.0,0.0,1.0
test,0.5231435298919678,-2.066563844680786,1.0,0.0,0.0,0.0,0.0,0.0,0.0
test,0.23681984841823578,-4.857295989990234,0.0,1.0,0.0,0.0,0.0,0.0,0.0
test,1.4977737665176392,-0.3151450455188751,0.0,0.0,1.0,0.0,0.0,0.0,0.0
test,-3.987649440765381,-2.1250736713409424,0.0,0.0,0.0,1.0,0.0,0.0,0.0
test,3.859323024749756,0.22604680061340332,0.0,0.0,0.0,0.0,1.0,0.0,0.0
test,2.537776470184326,-8.28810977935791,0.0,0.0,0.0,0.0,0.0,1.0,0.0
test,-6.095651149749756,-6.423901081085205,0.0,0.0,0.0,0.0,0.0,0.0,1.0
test,0.9287102818489075,-2.7256782054901123,1.0,0.0,0.0,0.0,0.0,0.0,0.0
test,1.059262752532959,-4.53723669052124,0.0,1.0,0.0,0.0,0.0,0.0,0.0
test,-1.6668778657913208,-5.412347793579102,0.0,0.0,1.0,0.0,0.0,0.0,0.0
test,3.3573858737945557,-0.7995719909667969,0.0,0.0,0.0,1.0,0.0,0.0,0.0
test,2.9586691856384277,1.1070202589035034,0.0,0.0,0.0,0.0,1.0,0.0,0.0
test,-1.9957431554794312,2.799607038497925,0.0,0.0,0.0,0.0,0.0,1.0,0.0
test,-4.003537178039551,-8.662423133850098,0.0,0.0,0.0,0.0,0.0,0.0,1.0
test,-0.2920171320438385,-1.9067847728729248,1.0,0.0,0.0,0.0,0.0,0.0,0.0
test,-2.0557563304901123,-2.7585067749023438,0.0,1.0,0.0,0.0,0.0,0.0,0.0
test,0.38221850991249084,0.08796017616987228,0.0,0.0,1.0,0.0,0.0,0.0,0.0
test,-3.56715989112854,-0.956936240196228,0.0,0.0,0.0,1.0,0.0,0.0,0.0
test,4.482600212097168,-0.7888690829277039,0.0,0.0,0.0,0.0,1.0,0.0,0.0
test,0.5543645620346069,-8.847879409790039,0.0,0.0,0.0,0.0,0.0,1.0,0.0
test,-3.6790108680725098,3.1121795177459717,0.0,0.0,0.0,0.0,0.0,0.0,1.0
test,0.15128009021282196,-3.8569085597991943,1.0,0.0,0.0,0.0,0.0,0.0,0.0
test,1.9359124898910522,-2.742662191390991,0.0,1.0,0.0,0.0,0.0,0.0,0.0
test,1.6468944549560547,-0.4118625819683075,0.0,0.0,1.0,0.0,0.0,0.0,0.0
test,2.559535026550293,-5.902784824371338,0.0,0.0,0.0,1.0,0.0,0.0,0.0
test,-3.628978729248047,0.621813178062439,0.0,0.0,0.0,0.0,1.0,0.0,0.0
test,0.6717056632041931,-8.83464527130127,0.0,0.0,0.0,0.0,0.0,1.0,0.0
test,-5.305414199829102,-7.513948440551758,0.0,0.0,0.0,0.0,0.0,0.0,1.0
test,0.8080917000770569,-2.381922721862793,1.0,0.0,0.0,0.0,0.0,0.0,0.0
test,1.9024934768676758,-3.267855167388916,0.0,1.0,0.0,0.0,0.0,0.0,0.0
test,-1.3465715646743774,-0.1695186048746109,0.0,0.0,1.0,0.0,0.0,0.0,0.0
test,-1.09569251537323,-6.742789268493652,0.0,0.0,0.0,1.0,0.0,0.0,0.0
test,3.008852005004883,1.0685251951217651,0.0,0.0,0.0,0.0,1.0,0.0,0.0
test,5.895947456359863,-3.609910249710083,0.0,0.0,0.0,0.0,0.0,1.0,0.0
test,-3.2136449813842773,-9.128419876098633,0.0,0.0,0.0,0.0,0.0,0.0,1.0
test,0.9047152400016785,-3.1448006629943848,1.0,0.0,0.0,0.0,0.0,0.0,0.0
test,0.08279065787792206,-0.8844174146652222,0.0,1.0,0.0,0.0,0.0,0.0,0.0
test,-0.6583974361419678,0.06023864448070526,0.0,0.0,1.0,0.0,0.0,0.0,0.0
test,1.6424190998077393,0.7405579686164856,0.0,0.0,0.0,1.0,0.0,0.0,0.0
test,-3.552008628845215,-6.457310676574707,0.0,0.0,0.0,0.0,1.0,0.0,0.0
test,5.730159759521484,-4.454433917999268,0.0,0.0,0.0,0.0,0.0,1.0,0.0
test,-2.713228940963745,3.598085880279541,0.0,0.0,0.0,0.0,0.0,0.0,1.0
test,-0.7550365924835205,-2.1609513759613037,1.0,0.0,0.0,0.0,0.0,0.0,0.0
test,-1.7103503942489624,-1.7504632472991943,0.0,1.0,0.0,0.0,0.0,0.0,0.0
test,-2.8622472286224365,-1.8097261190414429,0.0,0.0,1.0,0.0,0.0,0.0,0.0
test,0.6898348927497864,-6.808557987213135,0.0,0.0,0.0,1.0,0.0,0.0,0.0
test,3.75780987739563,0.3500136137008667,0.0,0.0,0.0,0.0,1.0,0.0,0.0
test,1.6065517663955688,2.8847200870513916,0.0,0.0,0.0,0.0,0.0,1.0,0.0
test,-2.9018146991729736,3.5175764560699463,0.0,0.0,0.0,0.0,0.0,0.0,1.0
test,0.7414453029632568,-3.478212594985962,1.0,0.0,0.0,0.0,0.0,0.0,0.0
test,-0.7583950757980347,-4.753234386444092,0.0,1.0,0.0,0.0,0.0,0.0,0.0
test,1.5749844312667847,-5.39505672454834,0.0,0.0,1.0,0.0,0.0,0.0,0.0
test,1.8382766246795654,0.6418347954750061,0.0,0.0,0.0,1.0,0.0,0.0,0.0
test,4.9278645515441895,-2.522864580154419,0.0,0.0,0.0,0.0,1.0,0.0,0.0
test,3.5197999477386475,-7.694877624511719,0.0,0.0,0.0,0.0,0.0,1.0,0.0
test,5.751908302307129,1.023024559020996,0.0,0.0,0.0,0.0,0.0,0.0,1.0
test,-0.8606899976730347,-3.4776463508605957,1.0,0.0,0.0,0.0,0.0,0.0,0.0
test,-1.0371127128601074,-1.134621024131775,0.0,1.0,0.0,0.0,0.0,0.0,0.0
test,0.2083999365568161,-5.867378234863281,0.0,0.0,1.0,0.0,0.0,0.0,0.0
test,3.196441888809204,-0.555689811706543,0.0,0.0,0.0,1.0,0.0,0.0,0.0
test,2.0406343936920166,1.658244013786316,0.0,0.0,0.0,0.0,1.0,0.0,0.0
test,3.4852070808410645,-7.720397472381592,0.0,0.0,0.0,0.0,0.0,1.0,0.0
test,-4.972067832946777,2.107206106185913,0.0,0.0,0.0,0.0,0.0,0.0,1.0
test,0.5602773427963257,-2.0945074558258057,1.0,0.0,0.0,0.0,0.0,0.0,0.0
test,0.3317313492298126,-0.9179766178131104,0.0,1.0,0.0,0.0,0.0,0.0,0.0
test,-0.9480329155921936,-0.01398476678878069,0.0,0.0,1.0,0.0,0.0,0.0,0.0
test,3.6119141578674316,-1.2914724349975586,0.0,0.0,0.0,1.0,0.0,0.0,0.0
test,-4.769622325897217,-4.556826591491699,0.0,0.0,0.0,0.0,1.0,0.0,0.0
test,-3.473982334136963,-7.812985420227051,0.0,0.0,0.0,0.0,0.0,1.0,0.0
test,-6.987335681915283,-3.8812808990478516,0.0,0.0,0.0,0.0,0.0,0.0,1.0
origin,-0.05941076519339018,-2.8793557093326054,,,,,,,
